<?xml version="1.0" encoding="UTF-8"?>
<!-- IMPORTANT: This is an internal file that has been generated
     by the Xilinx ISE software.  Any direct editing or
     changes made to this file may result in unpredictable
     behavior or data corruption.  It is strongly advised that
     users do not edit the contents of this file. -->
<DeviceUsageSummary rev="32">
<DesignStatistics TimeStamp="Thu Mar 23 15:18:23 2023"><group name="NetStatistics">
<item name="NumNets_Active" rev="32">
<attrib name="value" value="195"/></item>
<item name="NumNets_Gnd" rev="32">
<attrib name="value" value="1"/></item>
<item name="NumNets_Vcc" rev="32">
<attrib name="value" value="1"/></item>
<item name="NumNodesOfType_Active_CLKPIN" rev="32">
<attrib name="value" value="59"/></item>
<item name="NumNodesOfType_Active_CNTRLPIN" rev="32">
<attrib name="value" value="99"/></item>
<item name="NumNodesOfType_Active_DOUBLE" rev="32">
<attrib name="value" value="319"/></item>
<item name="NumNodesOfType_Active_DUMMY" rev="32">
<attrib name="value" value="439"/></item>
<item name="NumNodesOfType_Active_DUMMYESC" rev="32">
<attrib name="value" value="4"/></item>
<item name="NumNodesOfType_Active_GLOBAL" rev="32">
<attrib name="value" value="26"/></item>
<item name="NumNodesOfType_Active_HFULLHEX" rev="32">
<attrib name="value" value="4"/></item>
<item name="NumNodesOfType_Active_HLONG" rev="32">
<attrib name="value" value="1"/></item>
<item name="NumNodesOfType_Active_HUNIHEX" rev="32">
<attrib name="value" value="13"/></item>
<item name="NumNodesOfType_Active_INPUT" rev="32">
<attrib name="value" value="516"/></item>
<item name="NumNodesOfType_Active_IOBOUTPUT" rev="32">
<attrib name="value" value="4"/></item>
<item name="NumNodesOfType_Active_OMUX" rev="32">
<attrib name="value" value="198"/></item>
<item name="NumNodesOfType_Active_OUTPUT" rev="32">
<attrib name="value" value="171"/></item>
<item name="NumNodesOfType_Active_PREBXBY" rev="32">
<attrib name="value" value="126"/></item>
<item name="NumNodesOfType_Active_VFULLHEX" rev="32">
<attrib name="value" value="27"/></item>
<item name="NumNodesOfType_Active_VLONG" rev="32">
<attrib name="value" value="7"/></item>
<item name="NumNodesOfType_Active_VUNIHEX" rev="32">
<attrib name="value" value="23"/></item>
<item name="NumNodesOfType_Gnd_INPUT" rev="32">
<attrib name="value" value="1"/></item>
<item name="NumNodesOfType_Gnd_OMUX" rev="32">
<attrib name="value" value="1"/></item>
<item name="NumNodesOfType_Gnd_OUTPUT" rev="32">
<attrib name="value" value="1"/></item>
<item name="NumNodesOfType_Gnd_PREBXBY" rev="32">
<attrib name="value" value="2"/></item>
<item name="NumNodesOfType_Vcc_CNTRLPIN" rev="32">
<attrib name="value" value="1"/></item>
<item name="NumNodesOfType_Vcc_INPUT" rev="32">
<attrib name="value" value="1"/></item>
<item name="NumNodesOfType_Vcc_PREBXBY" rev="32">
<attrib name="value" value="1"/></item>
<item name="NumNodesOfType_Vcc_VCCOUT" rev="32">
<attrib name="value" value="2"/></item>
</group>
<group name="SiteStatistics">
<item name="IBUF-DIFFMI" rev="32">
<attrib name="value" value="1"/></item>
<item name="IBUF-DIFFS" rev="32">
<attrib name="value" value="1"/></item>
<item name="IBUF-DIFFSI" rev="32">
<attrib name="value" value="1"/></item>
<item name="IOB-DIFFM" rev="32">
<attrib name="value" value="8"/></item>
<item name="IOB-DIFFS" rev="32">
<attrib name="value" value="8"/></item>
<item name="SLICEL-SLICEM" rev="32">
<attrib name="value" value="37"/></item>
</group>
<group name="MiscellaneousStatistics">
<item name="AGG_BONDED_IO" rev="31">
<attrib name="value" value="20"/></item>
<item name="AGG_IO" rev="31">
<attrib name="value" value="20"/></item>
<item name="AGG_SLICE" rev="31">
<attrib name="value" value="93"/></item>
<item name="NUM_4_INPUT_LUT" rev="31">
<attrib name="value" value="161"/></item>
<item name="NUM_BONDED_IBUF" rev="31">
<attrib name="value" value="4"/></item>
<item name="NUM_BONDED_IOB" rev="31">
<attrib name="value" value="16"/></item>
<item name="NUM_BUFGMUX" rev="31">
<attrib name="value" value="1"/></item>
<item name="NUM_CYMUX" rev="31">
<attrib name="value" value="21"/></item>
<item name="NUM_LUT_RT" rev="31">
<attrib name="value" value="17"/></item>
<item name="NUM_SLICEL" rev="31">
<attrib name="value" value="93"/></item>
<item name="NUM_SLICE_FF" rev="31">
<attrib name="value" value="103"/></item>
<item name="NUM_XOR" rev="31">
<attrib name="value" value="17"/></item>
</group>
</DesignStatistics>
<DeviceUsage TimeStamp="Thu Mar 23 15:18:23 2023"><group name="SiteSummary">
<item name="BUFGMUX" rev="32">
<attrib name="total" value="1000000"/><attrib name="used" value="1"/></item>
<item name="BUFGMUX_GCLKMUX" rev="32">
<attrib name="total" value="1000000"/><attrib name="used" value="1"/></item>
<item name="BUFGMUX_GCLK_BUFFER" rev="32">
<attrib name="total" value="1000000"/><attrib name="used" value="1"/></item>
<item name="IBUF" rev="32">
<attrib name="total" value="1000000"/><attrib name="used" value="4"/></item>
<item name="IBUF_INBUF" rev="32">
<attrib name="total" value="1000000"/><attrib name="used" value="4"/></item>
<item name="IBUF_PAD" rev="32">
<attrib name="total" value="1000000"/><attrib name="used" value="4"/></item>
<item name="IOB" rev="32">
<attrib name="total" value="1000000"/><attrib name="used" value="16"/></item>
<item name="IOB_OUTBUF" rev="32">
<attrib name="total" value="1000000"/><attrib name="used" value="16"/></item>
<item name="IOB_PAD" rev="32">
<attrib name="total" value="1000000"/><attrib name="used" value="16"/></item>
<item name="SLICEL" rev="32">
<attrib name="total" value="1000000"/><attrib name="used" value="93"/></item>
<item name="SLICEL_C1VDD" rev="32">
<attrib name="total" value="1000000"/><attrib name="used" value="1"/></item>
<item name="SLICEL_CYMUXF" rev="32">
<attrib name="total" value="1000000"/><attrib name="used" value="11"/></item>
<item name="SLICEL_CYMUXG" rev="32">
<attrib name="total" value="1000000"/><attrib name="used" value="10"/></item>
<item name="SLICEL_F" rev="32">
<attrib name="total" value="1000000"/><attrib name="used" value="80"/></item>
<item name="SLICEL_F5MUX" rev="32">
<attrib name="total" value="1000000"/><attrib name="used" value="16"/></item>
<item name="SLICEL_F6MUX" rev="32">
<attrib name="total" value="1000000"/><attrib name="used" value="8"/></item>
<item name="SLICEL_FFX" rev="32">
<attrib name="total" value="1000000"/><attrib name="used" value="44"/></item>
<item name="SLICEL_FFY" rev="32">
<attrib name="total" value="1000000"/><attrib name="used" value="59"/></item>
<item name="SLICEL_G" rev="32">
<attrib name="total" value="1000000"/><attrib name="used" value="81"/></item>
<item name="SLICEL_GNDF" rev="32">
<attrib name="total" value="1000000"/><attrib name="used" value="10"/></item>
<item name="SLICEL_GNDG" rev="32">
<attrib name="total" value="1000000"/><attrib name="used" value="10"/></item>
<item name="SLICEL_XORF" rev="32">
<attrib name="total" value="1000000"/><attrib name="used" value="9"/></item>
<item name="SLICEL_XORG" rev="32">
<attrib name="total" value="1000000"/><attrib name="used" value="8"/></item>
</group>
</DeviceUsage>
<ReportConfigData TimeStamp="Thu Mar 23 15:18:23 2023"><group name="SLICEL_CYMUXF">
<item name="0" rev="32">
<attrib name="0" value="11"/><attrib name="0_INV" value="0"/></item>
<item name="1" rev="32">
<attrib name="1_INV" value="0"/><attrib name="1" value="11"/></item>
</group>
<group name="SLICEL_CYMUXG">
<item name="0" rev="32">
<attrib name="0" value="10"/><attrib name="0_INV" value="0"/></item>
</group>
<group name="IBUF_PAD">
<item name="IOATTRBOX" rev="32">
<attrib name="LVTTL" value="1"/><attrib name="LVCMOS33" value="3"/></item>
<item name="PULL" rev="32">
<attrib name="PULLDOWN" value="1"/></item>
</group>
<group name="SLICEM_F">
<item name="LUT_OR_MEM" rev="28">
<attrib name="LUT" value="5"/></item>
</group>
<group name="SLICEM_G">
<item name="LUT_OR_MEM" rev="28">
<attrib name="LUT" value="6"/></item>
</group>
<group name="SLICEM_F6MUX">
<item name="S0" rev="28">
<attrib name="S0" value="6"/><attrib name="S0_INV" value="0"/></item>
</group>
<group name="SLICEL">
<item name="BX" rev="32">
<attrib name="BX_INV" value="0"/><attrib name="BX" value="18"/></item>
<item name="BY" rev="32">
<attrib name="BY" value="18"/><attrib name="BY_INV" value="1"/></item>
<item name="CE" rev="32">
<attrib name="CE" value="40"/><attrib name="CE_INV" value="0"/></item>
<item name="CIN" rev="32">
<attrib name="CIN_INV" value="0"/><attrib name="CIN" value="10"/></item>
<item name="CLK" rev="32">
<attrib name="CLK" value="59"/><attrib name="CLK_INV" value="0"/></item>
<item name="SR" rev="32">
<attrib name="SR" value="59"/><attrib name="SR_INV" value="0"/></item>
</group>
<group name="SLICEM">
<item name="BX" rev="28">
<attrib name="BX_INV" value="0"/><attrib name="BX" value="6"/></item>
<item name="BY" rev="28">
<attrib name="BY" value="6"/><attrib name="BY_INV" value="0"/></item>
</group>
<group name="SLICEL_F6MUX">
<item name="S0" rev="32">
<attrib name="S0" value="8"/><attrib name="S0_INV" value="0"/></item>
</group>
<group name="IOB_OUTBUF">
<item name="IN" rev="32">
<attrib name="IN_INV" value="0"/><attrib name="IN" value="16"/></item>
</group>
<group name="SLICEM_F5MUX">
<item name="S0" rev="28">
<attrib name="S0" value="6"/><attrib name="S0_INV" value="0"/></item>
</group>
<group name="SLICEL_FFX">
<item name="CE" rev="32">
<attrib name="CE" value="36"/><attrib name="CE_INV" value="0"/></item>
<item name="CK" rev="32">
<attrib name="CK" value="44"/><attrib name="CK_INV" value="0"/></item>
<item name="D" rev="32">
<attrib name="D" value="44"/><attrib name="D_INV" value="0"/></item>
<item name="FFX_INIT_ATTR" rev="32">
<attrib name="INIT0" value="29"/><attrib name="INIT1" value="15"/></item>
<item name="FFX_SR_ATTR" rev="32">
<attrib name="SRLOW" value="29"/><attrib name="SRHIGH" value="15"/></item>
<item name="LATCH_OR_FF" rev="32">
<attrib name="FF" value="44"/></item>
<item name="SR" rev="32">
<attrib name="SR" value="44"/><attrib name="SR_INV" value="0"/></item>
<item name="SYNC_ATTR" rev="32">
<attrib name="ASYNC" value="44"/></item>
</group>
<group name="SLICEL_XORF">
<item name="1" rev="32">
<attrib name="1_INV" value="0"/><attrib name="1" value="9"/></item>
</group>
<group name="SLICEL_FFY">
<item name="CE" rev="32">
<attrib name="CE" value="40"/><attrib name="CE_INV" value="0"/></item>
<item name="CK" rev="32">
<attrib name="CK" value="59"/><attrib name="CK_INV" value="0"/></item>
<item name="D" rev="32">
<attrib name="D" value="58"/><attrib name="D_INV" value="1"/></item>
<item name="FFY_INIT_ATTR" rev="32">
<attrib name="INIT0" value="46"/><attrib name="INIT1" value="13"/></item>
<item name="FFY_SR_ATTR" rev="32">
<attrib name="SRLOW" value="46"/><attrib name="SRHIGH" value="13"/></item>
<item name="LATCH_OR_FF" rev="32">
<attrib name="FF" value="59"/></item>
<item name="SR" rev="32">
<attrib name="SR" value="59"/><attrib name="SR_INV" value="0"/></item>
<item name="SYNC_ATTR" rev="32">
<attrib name="ASYNC" value="59"/></item>
</group>
<group name="BUFGMUX_GCLKMUX">
<item name="DISABLE_ATTR" rev="32">
<attrib name="LOW" value="1"/></item>
<item name="S" rev="32">
<attrib name="S_INV" value="1"/><attrib name="S" value="0"/></item>
</group>
<group name="SLICEL_F5MUX">
<item name="S0" rev="32">
<attrib name="S0" value="16"/><attrib name="S0_INV" value="0"/></item>
</group>
<group name="IOB_PAD">
<item name="DRIVEATTRBOX" rev="32">
<attrib name="12" value="16"/></item>
<item name="IOATTRBOX" rev="32">
<attrib name="LVCMOS33" value="16"/></item>
<item name="SLEW" rev="32">
<attrib name="SLOW" value="16"/></item>
</group>
<group name="IOB">
<item name="O1" rev="32">
<attrib name="O1_INV" value="0"/><attrib name="O1" value="16"/></item>
</group>
<group name="BUFGMUX">
<item name="S" rev="32">
<attrib name="S_INV" value="1"/><attrib name="S" value="0"/></item>
</group>
</ReportConfigData>
<ReportPinData TimeStamp="Thu Mar 23 15:18:23 2023"><group name="SLICEL_CYMUXF">
<item name="0" rev="32">
<attrib name="value" value="11"/></item>
<item name="1" rev="32">
<attrib name="value" value="11"/></item>
<item name="OUT" rev="32">
<attrib name="value" value="11"/></item>
<item name="S0" rev="32">
<attrib name="value" value="11"/></item>
</group>
<group name="SLICEL_CYMUXG">
<item name="0" rev="32">
<attrib name="value" value="10"/></item>
<item name="1" rev="32">
<attrib name="value" value="10"/></item>
<item name="OUT" rev="32">
<attrib name="value" value="10"/></item>
<item name="S0" rev="32">
<attrib name="value" value="10"/></item>
</group>
<group name="IBUF_PAD">
<item name="PAD" rev="32">
<attrib name="value" value="4"/></item>
</group>
<group name="IBUF_INBUF">
<item name="IN" rev="32">
<attrib name="value" value="4"/></item>
<item name="OUT" rev="32">
<attrib name="value" value="4"/></item>
</group>
<group name="SLICEM_F">
<item name="A1" rev="28">
<attrib name="value" value="5"/></item>
<item name="A2" rev="28">
<attrib name="value" value="5"/></item>
<item name="A3" rev="28">
<attrib name="value" value="5"/></item>
<item name="A4" rev="28">
<attrib name="value" value="4"/></item>
<item name="D" rev="28">
<attrib name="value" value="5"/></item>
</group>
<group name="SLICEM_G">
<item name="A1" rev="28">
<attrib name="value" value="6"/></item>
<item name="A2" rev="28">
<attrib name="value" value="5"/></item>
<item name="A3" rev="28">
<attrib name="value" value="5"/></item>
<item name="A4" rev="28">
<attrib name="value" value="4"/></item>
<item name="D" rev="28">
<attrib name="value" value="6"/></item>
</group>
<group name="BUFGMUX_GCLK_BUFFER">
<item name="IN" rev="32">
<attrib name="value" value="1"/></item>
<item name="OUT" rev="32">
<attrib name="value" value="1"/></item>
</group>
<group name="SLICEM_F6MUX">
<item name="0" rev="28">
<attrib name="value" value="6"/></item>
<item name="1" rev="28">
<attrib name="value" value="6"/></item>
<item name="OUT" rev="28">
<attrib name="value" value="6"/></item>
<item name="S0" rev="28">
<attrib name="value" value="6"/></item>
</group>
<group name="SLICEL">
<item name="BX" rev="32">
<attrib name="value" value="18"/></item>
<item name="BY" rev="32">
<attrib name="value" value="19"/></item>
<item name="CE" rev="32">
<attrib name="value" value="40"/></item>
<item name="CIN" rev="32">
<attrib name="value" value="10"/></item>
<item name="CLK" rev="32">
<attrib name="value" value="59"/></item>
<item name="COUT" rev="32">
<attrib name="value" value="10"/></item>
<item name="F1" rev="32">
<attrib name="value" value="80"/></item>
<item name="F2" rev="32">
<attrib name="value" value="70"/></item>
<item name="F3" rev="32">
<attrib name="value" value="61"/></item>
<item name="F4" rev="32">
<attrib name="value" value="5"/></item>
<item name="F5" rev="32">
<attrib name="value" value="16"/></item>
<item name="FXINA" rev="32">
<attrib name="value" value="8"/></item>
<item name="FXINB" rev="32">
<attrib name="value" value="8"/></item>
<item name="G1" rev="32">
<attrib name="value" value="81"/></item>
<item name="G2" rev="32">
<attrib name="value" value="73"/></item>
<item name="G3" rev="32">
<attrib name="value" value="63"/></item>
<item name="G4" rev="32">
<attrib name="value" value="5"/></item>
<item name="SR" rev="32">
<attrib name="value" value="59"/></item>
<item name="X" rev="32">
<attrib name="value" value="17"/></item>
<item name="XB" rev="32">
<attrib name="value" value="1"/></item>
<item name="XQ" rev="32">
<attrib name="value" value="44"/></item>
<item name="Y" rev="32">
<attrib name="value" value="23"/></item>
<item name="YQ" rev="32">
<attrib name="value" value="59"/></item>
</group>
<group name="SLICEM">
<item name="BX" rev="28">
<attrib name="value" value="6"/></item>
<item name="BY" rev="28">
<attrib name="value" value="6"/></item>
<item name="F1" rev="28">
<attrib name="value" value="5"/></item>
<item name="F2" rev="28">
<attrib name="value" value="5"/></item>
<item name="F3" rev="28">
<attrib name="value" value="5"/></item>
<item name="F4" rev="28">
<attrib name="value" value="4"/></item>
<item name="F5" rev="28">
<attrib name="value" value="6"/></item>
<item name="FX" rev="28">
<attrib name="value" value="3"/></item>
<item name="FXINA" rev="28">
<attrib name="value" value="6"/></item>
<item name="FXINB" rev="28">
<attrib name="value" value="6"/></item>
<item name="G1" rev="28">
<attrib name="value" value="6"/></item>
<item name="G2" rev="28">
<attrib name="value" value="5"/></item>
<item name="G3" rev="28">
<attrib name="value" value="5"/></item>
<item name="G4" rev="28">
<attrib name="value" value="4"/></item>
<item name="X" rev="28">
<attrib name="value" value="1"/></item>
<item name="Y" rev="28">
<attrib name="value" value="5"/></item>
</group>
<group name="SLICEL_F6MUX">
<item name="0" rev="32">
<attrib name="value" value="8"/></item>
<item name="1" rev="32">
<attrib name="value" value="8"/></item>
<item name="OUT" rev="32">
<attrib name="value" value="8"/></item>
<item name="S0" rev="32">
<attrib name="value" value="8"/></item>
</group>
<group name="IOB_OUTBUF">
<item name="IN" rev="32">
<attrib name="value" value="16"/></item>
<item name="OUT" rev="32">
<attrib name="value" value="16"/></item>
</group>
<group name="IBUF">
<item name="I" rev="32">
<attrib name="value" value="4"/></item>
<item name="PAD" rev="32">
<attrib name="value" value="4"/></item>
</group>
<group name="SLICEM_F5MUX">
<item name="F" rev="28">
<attrib name="value" value="4"/></item>
<item name="G" rev="28">
<attrib name="value" value="6"/></item>
<item name="OUT" rev="28">
<attrib name="value" value="6"/></item>
<item name="S0" rev="28">
<attrib name="value" value="6"/></item>
</group>
<group name="SLICEL_FFX">
<item name="CE" rev="32">
<attrib name="value" value="36"/></item>
<item name="CK" rev="32">
<attrib name="value" value="44"/></item>
<item name="D" rev="32">
<attrib name="value" value="44"/></item>
<item name="Q" rev="32">
<attrib name="value" value="44"/></item>
<item name="SR" rev="32">
<attrib name="value" value="44"/></item>
</group>
<group name="SLICEL_XORF">
<item name="0" rev="32">
<attrib name="value" value="9"/></item>
<item name="1" rev="32">
<attrib name="value" value="9"/></item>
<item name="O" rev="32">
<attrib name="value" value="9"/></item>
</group>
<group name="SLICEL_FFY">
<item name="CE" rev="32">
<attrib name="value" value="40"/></item>
<item name="CK" rev="32">
<attrib name="value" value="59"/></item>
<item name="D" rev="32">
<attrib name="value" value="59"/></item>
<item name="Q" rev="32">
<attrib name="value" value="59"/></item>
<item name="SR" rev="32">
<attrib name="value" value="59"/></item>
</group>
<group name="SLICEL_XORG">
<item name="0" rev="32">
<attrib name="value" value="8"/></item>
<item name="1" rev="32">
<attrib name="value" value="8"/></item>
<item name="O" rev="32">
<attrib name="value" value="8"/></item>
</group>
<group name="BUFGMUX_GCLKMUX">
<item name="I0" rev="32">
<attrib name="value" value="1"/></item>
<item name="OUT" rev="32">
<attrib name="value" value="1"/></item>
<item name="S" rev="32">
<attrib name="value" value="1"/></item>
</group>
<group name="SLICEL_F5MUX">
<item name="F" rev="32">
<attrib name="value" value="16"/></item>
<item name="G" rev="32">
<attrib name="value" value="16"/></item>
<item name="OUT" rev="32">
<attrib name="value" value="16"/></item>
<item name="S0" rev="32">
<attrib name="value" value="16"/></item>
</group>
<group name="IOB_PAD">
<item name="PAD" rev="32">
<attrib name="value" value="16"/></item>
</group>
<group name="IOB">
<item name="O1" rev="32">
<attrib name="value" value="16"/></item>
<item name="PAD" rev="32">
<attrib name="value" value="16"/></item>
</group>
<group name="SLICEL_C1VDD">
<item name="1" rev="32">
<attrib name="value" value="1"/></item>
</group>
<group name="BUFGMUX">
<item name="I0" rev="32">
<attrib name="value" value="1"/></item>
<item name="O" rev="32">
<attrib name="value" value="1"/></item>
<item name="S" rev="32">
<attrib name="value" value="1"/></item>
</group>
<group name="SLICEL_F">
<item name="A1" rev="32">
<attrib name="value" value="80"/></item>
<item name="A2" rev="32">
<attrib name="value" value="70"/></item>
<item name="A3" rev="32">
<attrib name="value" value="61"/></item>
<item name="A4" rev="32">
<attrib name="value" value="5"/></item>
<item name="D" rev="32">
<attrib name="value" value="80"/></item>
</group>
<group name="SLICEL_G">
<item name="A1" rev="32">
<attrib name="value" value="81"/></item>
<item name="A2" rev="32">
<attrib name="value" value="73"/></item>
<item name="A3" rev="32">
<attrib name="value" value="63"/></item>
<item name="A4" rev="32">
<attrib name="value" value="5"/></item>
<item name="D" rev="32">
<attrib name="value" value="81"/></item>
</group>
<group name="SLICEL_GNDF">
<item name="0" rev="32">
<attrib name="value" value="10"/></item>
</group>
<group name="SLICEL_GNDG">
<item name="0" rev="32">
<attrib name="value" value="10"/></item>
</group>
</ReportPinData>
<CmdHistory>
</CmdHistory>
</DeviceUsageSummary>
